{"nodes":{"node:1":{"location":{"x":-668,"y":-323}},"node:11":{"location":{"x":-956,"y":-22}},"node:14":{"location":{"x":-540,"y":-51}},"node:17":{"location":{"x":-556,"y":-131}},"node:3":{"location":{"x":-886,"y":-131}},"node:6":{"location":{"x":-732,"y":-243}}},"selection":null,"view":{"scroll":{"x":-1394.092529296875,"y":-549.08935546875},"visible_rect":{"max":{"x":-242.728363037109375,"y":165.9404296875},"min":{"x":-929.39501953125,"y":-366.0595703125}},"zoom":1.5}}